{
    "dataTypes": [
        {
            "id": "Player",
            "data": "{\"position\":{\"x\":-24.666696548461915,\"y\":15.544876098632813,\"z\":-15.353894233703614},\"rotation\":{\"x\":0.0,\"y\":0.0,\"z\":0.0,\"w\":1.0},\"type\":{\"type\":0}}"
        }
    ]
}